{
  "fold_results": [
    {
      "fold": 0,
      "train_cases": [
        "0004",
        "0005",
        "0007",
        "0009",
        "0010",
        "0014",
        "0016",
        "0017"
      ],
      "val_cases": [
        "0001",
        "0006",
        "0011"
      ],
      "baseline_mean": 0.6615606800226446,
      "fmqe_mean": 0.6654305722745059,
      "best_epoch": 40,
      "elapsed_min": 3.3232792178789774,
      "baseline_results": {
        "spleen": 0.8343303621433167,
        "rkidney": 0.8850245324975008,
        "lkidney": 0.6673355037281863,
        "gallbladder": 0.5080082225383274,
        "liver": 0.7216118282600866,
        "stomach": 0.8623797530380033,
        "pancreas": 0.6359616464990278,
        "bladder": 0.8487611365883936,
        "prostate": 0.6036804296264398,
        "R_adventitia": 0.42922076068089515,
        "L_adventitia": 0.5615951858024145,
        "heart": 0.39375628318457795,
        "aorta": 0.3593809386270003,
        "IVC": 0.9018416394924239,
        "trachea": 0.7105219776330726,
        "Mean": 0.6615606800226446
      },
      "fmqe_results": {
        "spleen": 0.8684853935916502,
        "rkidney": 0.8846498925132925,
        "lkidney": 0.6841086530170167,
        "gallbladder": 0.5289881395774536,
        "liver": 0.7219185111554158,
        "stomach": 0.8661609476862887,
        "pancreas": 0.6305923304436223,
        "bladder": 0.8584228074295588,
        "prostate": 0.6065045648651429,
        "R_adventitia": 0.42337006550178674,
        "L_adventitia": 0.5571160032970967,
        "heart": 0.40115992942149664,
        "aorta": 0.3628488416862173,
        "IVC": 0.8913904945437241,
        "trachea": 0.6957420093878247,
        "Mean": 0.6654305722745059
      }
    },
    {
      "fold": 1,
      "train_cases": [
        "0001",
        "0004",
        "0005",
        "0006",
        "0007",
        "0009",
        "0011",
        "0014",
        "0016"
      ],
      "val_cases": [
        "0010",
        "0017"
      ],
      "baseline_mean": 0.7453544891440683,
      "fmqe_mean": 0.7455854566501707,
      "best_epoch": 40,
      "elapsed_min": 3.22591472864151,
      "baseline_results": {
        "spleen": 0.9533376641484885,
        "rkidney": 0.9361030810549574,
        "lkidney": 0.9476980651958583,
        "gallbladder": 0.7746618946164276,
        "liver": 0.45553776741862784,
        "stomach": 0.9627771650321046,
        "pancreas": 0.4455940470680227,
        "bladder": 0.9074303298112947,
        "prostate": 0.8624459615079936,
        "R_adventitia": 0.6857221600229657,
        "L_adventitia": 0.72396201826963,
        "heart": 0.750706798945438,
        "aorta": 0.6020322899421007,
        "IVC": 0.7281113589926076,
        "trachea": 0.44419673513450525,
        "Mean": 0.7453544891440683
      },
      "fmqe_results": {
        "spleen": 0.9542703314458656,
        "rkidney": 0.938301462267426,
        "lkidney": 0.949062652655525,
        "gallbladder": 0.7800197560131051,
        "liver": 0.44492041327732557,
        "stomach": 0.9629599556560768,
        "pancreas": 0.44466729841609803,
        "bladder": 0.9072827220506517,
        "prostate": 0.8627764639670981,
        "R_adventitia": 0.6825673255076392,
        "L_adventitia": 0.725928524882414,
        "heart": 0.7514368551062705,
        "aorta": 0.6021057560603119,
        "IVC": 0.7263611249157396,
        "trachea": 0.4511212075310173,
        "Mean": 0.7455854566501707
      }
    },
    {
      "fold": 2,
      "train_cases": [
        "0001",
        "0004",
        "0005",
        "0006",
        "0007",
        "0009",
        "0010",
        "0011",
        "0017"
      ],
      "val_cases": [
        "0014",
        "0016"
      ],
      "baseline_mean": 0.7513117151285987,
      "fmqe_mean": 0.7512296719983259,
      "best_epoch": 20,
      "elapsed_min": 2.9323653022448224,
      "baseline_results": {
        "spleen": 0.9552222411120652,
        "rkidney": 0.8939989929985686,
        "lkidney": 0.9233099396090942,
        "gallbladder": 0.7578304575572896,
        "liver": 0.7562782622335924,
        "stomach": 0.9698826188319711,
        "pancreas": 0.8270916977599954,
        "bladder": 0.8843963052974135,
        "prostate": 0.738846036981943,
        "R_adventitia": 0.7098400671234377,
        "L_adventitia": 0.5808292498099787,
        "heart": 0.5940279539084068,
        "aorta": 0.43379964014182615,
        "IVC": 0.8722385525930316,
        "trachea": 0.3720837109703671,
        "Mean": 0.7513117151285987
      },
      "fmqe_results": {
        "spleen": 0.9546998302738117,
        "rkidney": 0.8937318101226865,
        "lkidney": 0.9362050395542475,
        "gallbladder": 0.7626924856992804,
        "liver": 0.7538145625142165,
        "stomach": 0.9700606002868535,
        "pancreas": 0.8283571966093936,
        "bladder": 0.8855486809273426,
        "prostate": 0.7368943978177244,
        "R_adventitia": 0.7028813696024399,
        "L_adventitia": 0.5823650934465017,
        "heart": 0.6006364055780745,
        "aorta": 0.4198386650269903,
        "IVC": 0.8732763990216346,
        "trachea": 0.36744254349369254,
        "Mean": 0.7512296719983259
      }
    },
    {
      "fold": 3,
      "train_cases": [
        "0001",
        "0005",
        "0006",
        "0009",
        "0010",
        "0011",
        "0014",
        "0016",
        "0017"
      ],
      "val_cases": [
        "0004",
        "0007"
      ],
      "baseline_mean": 0.8037875772915208,
      "fmqe_mean": 0.8053604514297404,
      "best_epoch": 90,
      "elapsed_min": 2.967169165611267,
      "baseline_results": {
        "spleen": 0.9180835587147513,
        "rkidney": 0.9590705144086062,
        "lkidney": 0.9183771226159168,
        "gallbladder": 0.8381701309082527,
        "liver": 0.8178356818980426,
        "stomach": 0.9609611929739672,
        "pancreas": 0.8985265574947772,
        "bladder": 0.8583899215340198,
        "prostate": 0.8751055925827574,
        "R_adventitia": 0.7736831996925029,
        "L_adventitia": 0.7384650803704208,
        "heart": 0.7162839741222007,
        "aorta": 0.5263146601621782,
        "IVC": 0.6954872319179657,
        "trachea": 0.5620592399764521,
        "Mean": 0.8037875772915208
      },
      "fmqe_results": {
        "spleen": 0.9197871764316637,
        "rkidney": 0.959342319301933,
        "lkidney": 0.9146968254021305,
        "gallbladder": 0.8372662301954799,
        "liver": 0.82105425426863,
        "stomach": 0.9614090134591429,
        "pancreas": 0.8973044265237318,
        "bladder": 0.8600568822074321,
        "prostate": 0.8750429046977611,
        "R_adventitia": 0.7719266018748572,
        "L_adventitia": 0.7392594686212983,
        "heart": 0.716102079735031,
        "aorta": 0.529517893471514,
        "IVC": 0.6964042344946509,
        "trachea": 0.5812364607608529,
        "Mean": 0.8053604514297404
      }
    },
    {
      "fold": 4,
      "train_cases": [
        "0001",
        "0004",
        "0006",
        "0007",
        "0010",
        "0011",
        "0014",
        "0016",
        "0017"
      ],
      "val_cases": [
        "0005",
        "0009"
      ],
      "baseline_mean": 0.5344941507162753,
      "fmqe_mean": 0.53037560844361,
      "best_epoch": 20,
      "elapsed_min": 2.919187092781067,
      "baseline_results": {
        "spleen": 0.44915203535067727,
        "rkidney": 0.7584278350246629,
        "lkidney": 0.19435802106729227,
        "gallbladder": 0.828844643378129,
        "liver": 0.46044313241090423,
        "stomach": 0.7880834788856185,
        "pancreas": 0.7360831824342173,
        "bladder": 0.8385931034921664,
        "prostate": 0.698977869647952,
        "R_adventitia": 0.575373560079986,
        "L_adventitia": 0.5358925290610077,
        "heart": 0.15675116399338657,
        "aorta": 0.24676487067397518,
        "IVC": 0.3281521959116259,
        "trachea": 0.42151463933252786,